133555492,158000.0,5.0,709,,709,CA,45,52,72047,300,SF
133803022,165000.0,4.99,683,708.0,695,CA,43,51,82052,360,SF
133807649,514000.0,5.874,686,,686,NY,49,48,82052,360,SF
133812461,395000.0,6.141,724,677.0,700,CA,50,50,82052,360,SF
133816955,70000.0,5.75,674,,674,OH,41,47,82052,360,SF
133817269,105000.0,5.99,746,,746,VA,41,48,82052,360,SF
133817324,150000.0,5.125,691,,691,TX,43,51,82042,240,SF
133817832,235000.0,4.499,716,,716,OH,47,50,82037,180,SF
133820234,140000.0,5.875,724,,724,TX,45,47,82052,360,SF
133822094,500000.0,5.375,731,774.0,752,CA,46,50,82052,360,SF
133822161,322000.0,5.375,670,680.0,675,CA,43,50,82052,360,SF
133825179,360000.0,6.625,743,,743,TX,48,50,82052,360,PU
133825561,111000.0,6.0,678,753.0,715,MI,36,48,82052,360,SF
133827521,360000.0,5.125,734,,734,CO,47,50,82052,360,SF
133829547,142000.0,3.75,723,,723,KY,42,48,72030,96,SF
133834036,440000.0,4.875,735,721.0,728,SC,44,49,82037,180,SF
133834299,189000.0,3.99,724,745.0,734,TX,42,50,82037,180,PU
133843397,310000.0,6.25,718,694.0,706,AZ,49,52,82052,360,PU
133843508,84000.0,6.369,733,,733,SC,40,49,82052,360,SF
133844048,488000.0,5.379,699,,699,TX,49,50,82052,360,PU
133844548,449000.0,5.58,672,748.0,710,CA,42,50,82052,360,SF
133848201,186000.0,5.25,727,,727,AZ,45,50,82052,360,SF
133849227,200000.0,4.625,745,,745,MI,38,50,82052,360,SF
133851533,87000.0,6.125,734,,734,TN,49,52,82052,360,CO
133851907,193000.0,4.999,742,,742,FL,40,49,72047,300,SF
133853668,90000.0,4.875,729,,729,LA,40,50,82052,360,SF
133857205,170000.0,4.25,710,,710,TX,37,52,82037,180,SF
133857478,80000.0,5.99,710,,710,GA,42,48,82052,360,SF
133857482,135000.0,4.99,746,765.0,755,WA,35,51,82037,180,CO
133859702,187000.0,5.5,701,,701,TX,50,51,82036,168,SF
133862228,300000.0,4.875,724,794.0,759,IL,47,49,82037,180,SF
133863988,258000.0,3.625,730,,730,CO,49,52,82052,360,PU
133864207,380000.0,5.5,740,771.0,755,CA,49,47,82052,360,SF
133868321,269000.0,6.625,741,739.0,740,FL,39,52,82052,360,PU
133869291,205000.0,5.366,746,,746,CO,44,48,82052,360,SF
133869862,600000.0,4.875,742,,742,VT,38,50,82052,360,SF
133870807,200000.0,5.0,727,796.0,761,NJ,42,50,82037,180,CO
133871562,168000.0,5.5,685,,685,WI,40,49,82052,360,SF
133872727,193000.0,4.25,696,742.0,719,MA,39,49,72031,108,SF
133874770,256000.0,5.25,746,,746,AZ,41,52,82052,360,PU
133876148,300000.0,6.5,746,769.0,757,NV,42,50,82052,360,PU
133877876,243000.0,5.426,732,,732,VA,50,51,82052,360,PU
133879329,70000.0,5.25,698,,698,NY,46,52,82052,360,CO
133880045,463000.0,4.5,742,734.0,738,CA,36,48,82052,360,SF
133880578,260000.0,5.5,747,,747,CA,42,48,82052,360,SF
133887380,75000.0,4.75,722,,722,OH,39,47,82037,180,SF
133888629,75000.0,5.25,687,,687,MI,45,48,82037,180,SF
133888706,155000.0,4.5,746,780.0,763,TX,39,50,82037,180,SF
133889365,148000.0,5.875,706,,706,KY,45,50,82052,360,SF
133891304,65000.0,5.75,701,,701,OK,43,52,72047,300,SF
133894214,195000.0,5.292,749,,749,AZ,40,47,82052,360,SF
133894877,510000.0,4.625,714,,714,CO,49,52,82052,360,SF
133894942,155000.0,5.75,688,,688,FL,43,47,82052,360,SF
133895029,109000.0,3.375,670,,670,TX,43,49,62039,204,PU
133898098,299000.0,5.0,720,777.0,748,WI,50,50,82052,360,SF
133898757,240000.0,4.875,684,742.0,713,TX,48,51,82042,240,SF
133900432,425000.0,5.625,719,644.0,681,CA,48,50,82052,360,SF
133902242,128000.0,5.5,713,,713,OH,38,50,82052,360,SF
133906044,385000.0,5.375,687,,687,CA,49,51,82052,360,SF
133909434,200000.0,4.125,727,,727,FL,35,52,82037,180,SF
133913487,100000.0,5.125,737,,737,GA,35,50,82052,360,SF
133914287,322000.0,5.5,730,,730,MT,50,51,82052,360,SF
133914632,187000.0,5.2,693,,693,SC,36,47,82052,360,PU
133916860,207000.0,5.375,730,,730,MA,41,52,82052,360,SF
133917176,100000.0,5.99,689,,689,OH,40,51,82052,360,SF
133917617,388000.0,4.874,739,,739,CA,48,50,82052,360,SF
133918487,325000.0,5.25,715,,715,NY,45,50,82052,360,SF
133918593,260000.0,5.375,718,,718,MA,39,50,82052,360,CO
133920272,220000.0,4.875,721,,721,FL,38,52,82052,360,SF
133922909,725000.0,6.375,688,,688,MA,49,49,82052,360,SF
133923363,80000.0,5.75,708,,708,CT,38,49,82052,360,CO
133928565,200000.0,5.5,745,,745,MO,45,50,82052,360,SF
133933075,285000.0,5.536,702,,702,CT,39,52,82052,360,PU
133933181,485000.0,5.375,718,,718,MT,44,49,82052,360,SF
133933799,63000.0,4.5,739,,739,OH,49,50,82037,180,SF
134051956,150000.0,6.375,691,,691,MA,42,52,82052,360,SF
134054225,132000.0,5.75,750,642.0,696,WA,35,48,82052,360,SF
134054824,280000.0,5.125,715,657.0,686,UT,45,51,82052,360,SF
134055513,375000.0,5.25,731,,731,GA,47,50,82052,360,PU
134055604,176000.0,5.49,729,,729,NJ,36,48,82052,360,SF
134056396,260000.0,6.125,691,776.0,733,MA,44,50,82052,360,SF
134056603,186000.0,5.5,744,,744,IL,37,51,82052,360,CO
134057460,350000.0,5.99,690,,690,FL,43,52,82052,360,SF
134057566,169000.0,5.625,712,,712,NV,49,49,92052,360,PU
134057684,156000.0,5.325,686,,686,MN,40,50,82052,360,SF
134057713,300000.0,4.25,677,,677,WY,45,52,82052,360,SF
134058461,334000.0,4.99,688,,688,FL,50,48,82052,360,SF
134058698,215000.0,5.5,701,,701,MA,43,50,82052,360,SF
134058805,100000.0,4.625,709,720.0,714,CT,44,52,82037,180,SF
134059014,185000.0,5.625,683,,683,GA,41,52,82052,360,SF
134059139,140000.0,4.875,714,676.0,695,FL,37,48,82037,180,SF
134059611,208000.0,6.0,718,797.0,757,CA,46,47,82052,360,SF
134060282,169000.0,5.5,736,,736,IL,40,47,82052,360,SF
134060498,153000.0,4.875,702,,702,GA,44,47,92052,360,CO
134060504,90000.0,5.375,715,,715,NC,49,51,82052,360,SF
134060692,225000.0,5.99,702,,702,NV,42,48,82052,360,SF
134060742,250000.0,5.32,750,749.0,749,NC,50,50,82052,360,PU
134060758,332000.0,5.5,670,,670,MA,49,49,82052,360,SF
134061265,151000.0,4.375,693,,693,UT,45,48,82052,360,CO
134061781,225000.0,4.875,740,737.0,738,CA,50,50,82052,360,SF
134061995,184000.0,5.25,704,,704,FL,50,50,92052,360,SF
134062211,117000.0,5.99,670,,670,GA,35,47,82052,360,PU
134062836,259000.0,4.75,691,694.0,692,CA,40,52,82052,360,SF
134063034,200000.0,4.875,732,,732,WA,48,47,82032,120,SF
134064034,317000.0,5.625,705,,705,CO,49,52,82052,360,PU
134064408,207000.0,5.49,673,,673,GA,35,50,82052,360,PU
134064623,213000.0,5.375,702,,702,RI,40,50,82052,360,SF
134064788,153000.0,5.5,693,712.0,702,TX,42,50,82052,360,PU
134065026,215000.0,5.272,749,,749,CA,49,51,92052,360,SF
134065113,647000.0,5.625,709,,709,ID,49,52,82052,360,PU
134065503,167000.0,5.5,705,,705,MI,43,48,82052,360,SF
134065647,74000.0,6.0,701,,701,KS,42,48,82052,360,SF
134065816,150000.0,6.49,731,,731,GA,41,47,82052,360,SF
134065923,130000.0,6.1,704,679.0,691,NC,45,52,92052,360,MH
134066264,500000.0,4.375,689,,689,NC,42,50,82037,180,SF
134066342,400000.0,4.0,734,,734,CA,48,49,92032,120,SF
134066555,275000.0,4.25,697,744.0,720,KY,50,47,82037,180,PU
134068125,83000.0,5.99,712,,712,MI,49,51,82052,360,SF
134068359,100000.0,5.375,701,,701,NY,38,52,82042,240,SF
134068446,467000.0,5.375,701,,701,AZ,36,48,82052,360,PU
134068722,156000.0,4.99,694,,694,GA,43,48,82042,240,SF
134069603,94000.0,6.25,684,,684,TX,44,52,82052,360,SF
134069910,250000.0,5.875,686,703.0,694,AZ,42,50,82052,360,PU
134069993,90000.0,6.25,685,,685,NJ,42,47,82052,360,SF
134070438,157000.0,4.375,732,,732,TX,35,47,82052,360,PU
134070740,213000.0,5.878,750,,750,TX,35,48,82052,360,SF
134071093,187000.0,5.25,693,,693,AZ,38,52,82052,360,SF
134071819,620000.0,5.625,728,,728,HI,49,51,82052,360,SF
134072407,359000.0,6.5,709,707.0,708,CA,40,51,82052,360,SF
134072497,270000.0,5.375,723,783.0,753,PA,38,50,82052,360,SF
134072716,528000.0,5.0,716,736.0,726,SC,42,48,92052,360,SF
134073011,258000.0,4.99,709,772.0,740,FL,44,52,92052,360,SF
134073666,192000.0,3.875,688,,688,TX,46,51,82037,180,SF
134073698,287000.0,5.0,731,686.0,708,GA,41,47,82052,360,SF
134073761,315000.0,5.625,721,,721,TX,39,49,82052,360,PU
134073838,135000.0,5.5,672,,672,IL,41,50,82052,360,PU
134074455,211000.0,6.0,684,630.0,657,FL,42,52,82052,360,PU
134075093,125000.0,5.125,741,686.0,713,GA,45,49,92052,360,SF
134075898,200000.0,5.99,732,672.0,702,TX,37,47,92052,360,SF
134075934,225000.0,5.714,704,,704,AZ,41,51,92052,360,SF
134076099,513000.0,5.375,677,,677,CA,45,51,82052,360,SF
134076688,240000.0,4.875,697,,697,FL,38,52,82037,180,PU
134076996,166000.0,5.375,748,,748,CA,39,48,82052,360,SF
134077208,110000.0,6.25,685,,685,CA,42,48,82052,360,SF
134077648,647000.0,5.125,690,,690,KS,41,47,82052,360,PU
134077684,350000.0,4.875,712,,712,MD,49,48,82052,360,SF
134078244,875000.0,5.375,736,738.0,737,CA,47,48,82037,180,SF
134078710,150000.0,4.0,707,667.0,687,TX,40,49,82037,180,SF
134079716,170000.0,4.5,671,,671,WI,43,47,82052,360,SF
134079845,205000.0,4.99,701,,701,NY,35,52,82052,360,SF
134079955,115000.0,5.75,748,,748,MI,49,51,82052,360,CO
134080124,145000.0,5.306,728,,728,UT,38,48,92052,360,CO
134080544,206000.0,5.625,696,637.0,666,TX,43,51,102045,277,SF
134080581,188000.0,5.99,737,,737,KY,35,52,82052,360,PU
134080664,210000.0,4.5,673,,673,NV,35,52,92052,360,SF
134080971,257000.0,5.625,672,,672,NC,46,52,82052,360,SF
134081307,302000.0,5.75,741,776.0,758,FL,35,47,82052,360,SF
134081546,300000.0,4.75,750,746.0,748,MD,40,50,92052,360,SF
134081807,355000.0,5.284,711,,711,MA,45,52,92052,360,SF
134082262,165000.0,4.75,744,,744,FL,45,49,82037,180,SF
134082267,100000.0,5.375,713,,713,FL,40,51,82052,360,CO
134082282,200000.0,5.875,706,,706,CA,40,51,82052,360,SF
134082295,82000.0,5.375,677,,677,NE,45,51,82052,360,PU
134082404,305000.0,4.5,739,736.0,737,MA,43,48,82037,180,SF
134082565,160000.0,5.375,743,,743,AZ,41,51,82052,360,SF
134083377,200000.0,5.5,685,,685,GA,37,48,82052,360,PU
134083391,450000.0,5.375,696,,696,NY,50,48,92052,360,SF
134083563,110000.0,5.99,681,713.0,697,CA,46,50,82052,360,SF
134083599,205000.0,5.99,697,,697,CA,38,52,82052,360,SF
134084189,150000.0,4.75,697,700.0,698,AZ,44,50,82037,180,SF
134084252,250000.0,5.99,737,,737,NY,46,52,82052,360,PU
134084417,180000.0,4.999,727,752.0,739,AZ,47,48,92052,360,PU
134085219,78000.0,5.5,674,,674,WV,36,52,82037,180,SF
134085343,239000.0,5.36,692,,692,CO,49,47,92052,360,SF
134085560,318000.0,5.625,684,669.0,676,GA,49,51,82052,360,SF
134085995,216000.0,3.99,695,,695,SC,41,49,82037,180,PU
134086539,240000.0,5.625,742,,742,CA,48,47,92052,360,SF
134086587,219000.0,5.875,690,706.0,698,TN,49,48,82052,360,PU
134086667,400000.0,5.375,745,,745,MI,40,48,82052,360,CO
134086856,310000.0,5.25,695,,695,NY,50,49,82052,360,SF
134086872,150000.0,5.125,702,,702,AZ,35,52,82052,360,SF
134086953,200000.0,6.125,740,,740,NV,40,49,82052,360,SF
134087301,125000.0,5.99,700,,700,PA,50,50,82052,360,SF
134087424,300000.0,5.125,670,,670,NJ,39,50,92052,360,SF
134087861,585000.0,5.375,679,,679,CA,45,47,82052,360,SF
134088551,76000.0,5.5,720,,720,AL,38,51,82052,360,SF
134088813,204000.0,5.375,734,,734,FL,43,50,82052,360,SF
134090036,95000.0,4.49,680,,680,KS,36,48,92037,180,SF
134090068,265000.0,5.25,742,,742,GA,44,49,82052,360,PU
134090443,196000.0,5.375,690,,690,NJ,43,51,82052,360,SF
134091094,514000.0,5.125,748,761.0,754,FL,39,52,82052,360,PU
134091231,117000.0,5.375,697,,697,NY,43,49,82037,180,SF
134092385,200000.0,6.625,699,,699,NV,42,52,82052,360,PU
134092507,150000.0,5.99,671,,671,TX,36,49,82052,360,SF
134092733,200000.0,5.625,736,743.0,739,NC,45,49,82052,360,PU
134093052,208000.0,5.5,676,699.0,687,MD,41,52,92052,360,SF
134093229,358000.0,6.25,692,759.0,725,CA,49,51,82052,360,PU
134093337,155000.0,4.875,695,,695,FL,44,51,82047,300,SF
134093482,255000.0,5.125,687,,687,CA,45,51,82052,360,SF
134094498,444000.0,5.125,683,761.0,722,CA,37,47,92052,360,SF
134094765,266000.0,5.49,735,716.0,725,UT,39,50,82052,360,SF
134094964,128000.0,5.99,688,,688,OK,46,52,82052,360,SF
134095016,213000.0,4.99,704,,704,FL,48,52,82052,360,PU
134095115,150000.0,4.99,719,,719,NC,36,47,82037,180,SF
134095158,135000.0,5.125,693,,693,NY,46,47,92052,360,SF
134096392,170000.0,4.875,672,758.0,715,AZ,44,52,82042,240,SF
134096834,315000.0,5.375,746,,746,CA,43,49,82052,360,PU
134097285,550000.0,5.25,744,,744,CA,42,52,82052,360,SF
134097399,241000.0,5.5,701,701.0,701,UT,46,52,82052,360,PU
134097556,240000.0,5.0,697,,697,TX,36,48,82037,180,PU
134097916,468000.0,5.125,750,,750,AZ,50,52,82052,360,SF
134098108,202000.0,5.75,701,,701,NC,44,48,82052,360,PU
134098290,355000.0,4.99,724,781.0,752,AZ,38,49,82052,360,PU
134099168,345000.0,5.625,694,683.0,688,CA,48,51,92052,360,SF
134099386,262000.0,4.99,688,,688,TX,45,47,82052,360,PU
134099636,254000.0,5.375,722,,722,CA,47,52,92052,360,SF
134099668,200000.0,5.99,745,,745,FL,37,50,82052,360,SF
134100443,200000.0,4.375,725,,725,AZ,50,50,82052,360,PU
134100559,185000.0,4.99,689,,689,TX,39,47,82052,360,PU
134100873,187000.0,5.49,710,,710,NJ,44,50,82052,360,SF
134100935,361000.0,5.25,687,,687,CA,44,50,82037,180,SF
134101323,238000.0,5.25,713,693.0,703,FL,42,51,82052,360,PU
134101481,330000.0,3.875,683,697.0,690,PA,36,47,82037,180,PU
134101718,400000.0,5.25,693,738.0,715,TX,44,49,82052,360,PU
134102303,340000.0,4.99,698,,698,MT,44,49,82052,360,PU
134102531,265000.0,5.625,728,746.0,737,AZ,50,52,82052,360,SF
134103019,194000.0,5.5,711,,711,VA,45,52,82052,360,SF
134103078,171000.0,4.899,726,739.0,732,VA,41,50,82052,360,SF
134103206,275000.0,6.0,681,,681,CA,50,50,82052,360,SF
134103705,170000.0,3.75,702,677.0,689,TX,43,49,82052,360,PU
134103759,214000.0,5.75,712,722.0,717,AR,49,48,82052,360,SF
134104008,148000.0,5.5,733,,733,CA,50,50,82052,360,SF
134104169,500000.0,5.575,675,743.0,709,CA,35,50,92052,360,SF
134104306,115000.0,6.5,697,763.0,730,SC,45,52,92052,360,PU
134104608,268000.0,5.5,689,,689,OR,46,52,82052,360,SF
134104831,105000.0,6.625,676,,676,TX,45,48,92052,360,SF
134104986,480000.0,5.625,733,,733,MD,48,51,82052,360,SF
134105249,236000.0,3.625,720,642.0,681,GA,39,52,82052,360,PU
134105311,142000.0,5.0,722,,722,KY,39,50,82037,180,SF
134105475,100000.0,5.5,711,,711,GA,48,48,82052,360,SF
134105823,100000.0,5.625,722,,722,FL,36,50,82052,360,CO
134105830,193000.0,5.375,715,,715,CA,44,47,82052,360,CO
134106060,350000.0,4.375,677,696.0,686,AZ,42,49,92052,360,PU
134106402,187000.0,5.99,674,678.0,676,TX,43,49,82052,360,PU
134106548,197000.0,5.375,696,664.0,680,FL,46,50,92052,360,PU
134106591,530000.0,5.856,737,707.0,722,NY,49,47,92052,360,SF
134106810,300000.0,5.375,738,,738,CT,44,48,82052,360,CO
134106861,509000.0,4.375,747,767.0,757,CA,43,52,82052,360,SF
134107230,240000.0,5.5,699,,699,MT,43,52,82052,360,SF
134108545,290000.0,5.125,726,,726,TX,44,49,82052,360,PU
134108665,393000.0,5.375,747,727.0,737,TX,36,48,92052,360,SF
134109020,267000.0,5.375,750,812.0,781,OK,39,48,82052,360,PU
134109051,355000.0,6.125,727,,727,CA,41,51,82052,360,SF
134109070,132000.0,6.5,693,675.0,684,AZ,44,47,92052,360,SF
134109147,256000.0,5.5,745,692.0,718,NJ,36,52,82052,360,SF
134109317,417000.0,4.963,727,766.0,746,CA,41,52,92052,360,SF
134109349,244000.0,5.875,702,691.0,696,GA,44,50,82052,360,PU
134109588,300000.0,4.625,702,,702,CA,42,50,82052,360,SF
134109715,581000.0,5.375,686,772.0,729,CO,50,49,82052,360,PU
134109832,291000.0,5.125,681,,681,UT,40,52,92052,360,SF
134109976,205000.0,5.125,742,,742,AL,36,50,82052,360,SF
134110191,75000.0,5.25,740,767.0,753,MN,39,50,82052,360,SF
134110266,395000.0,5.375,747,,747,NC,47,48,82052,360,PU
134110421,227000.0,5.25,681,,681,RI,39,51,92052,360,SF
134110885,175000.0,4.99,732,741.0,736,CT,40,50,82037,180,SF
134111353,170000.0,5.79,733,,733,CA,47,51,82052,360,SF
134111411,290000.0,4.5,682,687.0,684,IL,40,49,82037,180,PU
134111899,630000.0,4.99,683,662.0,672,CA,50,48,92052,360,SF
134112208,190000.0,5.125,688,,688,NV,38,50,82052,360,SF
134112422,385000.0,5.625,684,621.0,652,CA,47,50,82052,360,SF
134112429,624000.0,5.0,683,721.0,702,CA,39,52,82052,360,PU
134112554,485000.0,5.25,700,787.0,743,NC,44,50,92052,360,PU
134113202,220000.0,6.125,685,,685,VA,39,49,82052,360,SF
134113214,282000.0,3.875,687,,687,NY,50,51,82030,96,SF
134113607,164000.0,5.359,670,760.0,715,FL,49,47,82052,360,PU
134114466,647000.0,5.55,736,788.0,762,TX,35,47,82052,360,PU
134114516,395000.0,5.625,734,751.0,742,CA,42,49,82052,360,SF
134114584,163000.0,6.5,732,,732,GA,43,50,82052,360,PU
134114655,68000.0,5.5,678,,678,VA,38,52,82037,180,SF
134115271,387000.0,4.75,732,,732,NY,38,52,82052,360,SF
134116820,441000.0,6.125,736,774.0,755,CA,45,48,82052,360,SF
134117528,226000.0,6.125,741,736.0,738,GA,35,51,82042,240,PU
134117580,132000.0,3.75,749,,749,AZ,48,51,82052,360,PU
134117660,130000.0,6.5,707,,707,AZ,45,50,82052,360,SF
134117838,240000.0,4.99,748,715.0,731,WA,37,51,82052,360,SF
134119192,165000.0,6.625,733,,733,TX,37,47,92052,360,PU
134119259,288000.0,5.125,674,,674,OR,50,52,82052,360,SF
134119358,268000.0,5.624,696,,696,FL,49,48,92052,360,CO
134119989,240000.0,5.125,750,,750,AZ,48,47,82052,360,SF
134120234,163000.0,6.625,683,656.0,669,NV,49,47,82052,360,PU
134120310,173000.0,5.5,676,630.0,653,TX,44,48,82037,180,SF
134120352,152000.0,5.5,676,,676,PA,45,51,82052,360,SF
134120557,129000.0,5.5,694,,694,PA,41,48,82052,360,SF
134120624,171000.0,4.375,730,,730,FL,38,50,82052,360,SF
134121624,301000.0,4.875,703,720.0,711,OH,40,47,82052,360,PU
134122067,128000.0,3.625,709,,709,MN,42,52,82037,180,SF
134122422,76000.0,5.125,722,,722,FL,39,48,72038,192,CO
134122602,156000.0,5.125,685,811.0,748,IN,49,49,82052,360,SF
134123019,288000.0,5.875,741,,741,FL,49,48,82052,360,SF
134123171,235000.0,4.937,741,,741,TN,35,50,82052,360,SF
134123680,499000.0,5.375,683,,683,NJ,47,50,82052,360,CO
134123728,131000.0,6.75,701,,701,PA,49,47,92052,360,SF
134124011,355000.0,5.25,737,763.0,750,DC,46,51,82052,360,CO
134124643,102000.0,6.375,692,,692,TX,37,50,82052,360,PU
134124784,366000.0,6.0,671,,671,TX,50,52,92052,360,SF
134124855,302000.0,5.375,741,,741,UT,46,51,82052,360,SF
134125045,100000.0,5.5,732,,732,PA,45,50,92037,180,SF
134125575,169000.0,4.875,708,,708,TX,37,50,82037,180,PU
134125781,265000.0,5.375,725,621.0,673,UT,35,50,82052,360,PU
134126179,111000.0,5.375,699,,699,WI,45,47,82052,360,SF
134126265,650000.0,4.99,728,801.0,764,CA,49,49,82052,360,SF
134126379,100000.0,5.5,678,,678,GA,43,49,82052,360,SF
134126496,110000.0,6.375,708,,708,TX,43,50,82052,360,PU
134126603,175000.0,5.5,670,,670,FL,48,49,82052,360,PU
134127264,647000.0,5.125,735,759.0,747,TX,43,47,92052,360,SF
134127320,302000.0,4.99,670,,670,CA,41,48,82052,360,PU
134127620,219000.0,5.5,693,,693,GA,45,51,82052,360,PU
134127743,66000.0,4.99,694,,694,FL,45,47,82052,360,PU
134127891,342000.0,5.875,722,704.0,713,NJ,48,50,82052,360,SF
134128167,405000.0,5.5,688,,688,CA,43,51,82052,360,PU
134128866,185000.0,5.5,741,,741,MI,47,51,82052,360,SF
134129068,132000.0,5.99,679,,679,CT,35,49,82052,360,SF
134129100,148000.0,5.99,702,702.0,702,NC,36,50,82052,360,SF
134129271,296000.0,4.875,697,629.0,663,CA,49,50,82052,360,SF
134129511,455000.0,4.475,684,,684,CA,49,52,82052,360,SF
134129667,245000.0,4.815,750,,750,OR,45,50,92052,360,PU
134129980,296000.0,5.125,705,774.0,739,TX,49,50,82052,360,PU
134129996,455000.0,5.875,725,728.0,726,WA,39,51,82052,360,SF
134130043,148000.0,5.49,687,725.0,706,GA,48,47,82052,360,CO
134130283,638000.0,5.375,723,678.0,700,DC,47,50,82052,360,SF
134130629,100000.0,6.375,670,665.0,667,TX,38,47,82052,360,SF
134130815,160000.0,5.624,703,784.0,743,TX,50,50,82052,360,SF
134131090,138000.0,6.49,704,,704,AZ,46,48,92052,360,CO
134131267,160000.0,5.5,711,,711,DE,36,52,92052,360,SF
134131300,300000.0,5.375,708,686.0,697,CA,36,47,92052,360,SF
134131906,407000.0,5.625,694,,694,WI,45,51,82052,360,SF
134132152,114000.0,4.999,705,,705,MI,38,52,82052,360,PU
134132554,230000.0,4.99,698,720.0,709,VA,38,50,82052,360,SF
134132760,129000.0,5.25,673,,673,MN,43,49,82052,360,SF
134133405,130000.0,5.25,712,,712,NC,44,50,82052,360,SF
134133841,500000.0,5.5,705,,705,NY,41,49,82052,360,SF
134134364,158000.0,4.99,671,,671,TX,36,51,82052,360,SF
134134491,170000.0,5.125,692,,692,MI,45,49,82052,360,SF
134134566,310000.0,4.875,693,661.0,677,CA,39,49,82052,360,PU
134134924,377000.0,5.375,725,771.0,748,CA,49,52,82052,360,SF
134135199,294000.0,5.5,735,688.0,711,UT,36,52,92052,360,SF
134135923,76000.0,6.375,680,,680,MN,36,51,82052,360,SF
134136287,143000.0,6.375,745,787.0,766,CA,40,51,92052,360,SF
134136843,235000.0,5.25,721,751.0,736,NC,38,52,82052,360,SF
134136941,485000.0,5.875,690,,690,CA,43,49,82052,360,SF
134137005,251000.0,5.625,698,746.0,722,FL,39,50,82052,360,PU
134137006,85000.0,5.75,688,,688,FL,50,50,82052,360,CO
134137101,125000.0,6.125,688,,688,FL,45,50,82052,360,SF
134137909,152000.0,5.477,745,,745,FL,41,51,82052,360,PU
134138499,143000.0,5.125,716,,716,NE,49,50,82052,360,PU
134138695,238000.0,5.75,701,,701,WI,42,51,82052,360,SF
134139048,125000.0,4.875,682,703.0,692,SC,44,47,82037,180,SF
134139260,340000.0,5.875,746,,746,FL,50,48,82052,360,SF
134139914,400000.0,5.375,690,,690,CA,50,49,92052,360,SF
134140094,710000.0,6.5,720,,720,CA,45,50,82052,360,PU
134140525,150000.0,5.375,674,679.0,676,FL,40,50,82052,360,CO
134140993,145000.0,5.625,750,748.0,749,ID,41,49,82042,240,SF
134141867,267000.0,4.625,742,750.0,746,OR,35,52,82037,180,SF
134142580,148000.0,6.375,706,,706,MO,45,47,82052,360,PU
134142623,176000.0,4.875,678,681.0,679,CA,48,50,82037,180,CO
134142731,550000.0,5.374,734,,734,CA,50,50,82052,360,SF
134142751,275000.0,4.875,746,,746,RI,45,48,82052,360,SF
134143016,320000.0,5.25,702,,702,DC,35,47,82052,360,SF
134143041,355000.0,4.875,686,768.0,727,FL,48,52,82052,360,PU
134143330,124000.0,5.125,676,,676,NV,41,50,82052,360,SF
134143429,154000.0,4.875,687,,687,VA,48,47,82052,360,SF
134143521,250000.0,5.99,726,,726,WA,37,52,82052,360,CO
134143562,205000.0,5.849,728,,728,KS,40,52,82052,360,SF
134143938,106000.0,5.99,684,758.0,721,TN,49,52,92052,360,SF
134143947,270000.0,5.0,675,,675,CA,48,50,82052,360,SF
134144088,142000.0,5.375,713,,713,TX,41,49,92052,360,PU
134144197,645000.0,4.75,699,715.0,707,CO,40,49,82037,180,SF
134144250,150000.0,4.625,675,,675,MA,45,50,82052,360,SF
134144401,300000.0,5.5,745,,745,CA,39,50,82052,360,SF
134144762,105000.0,5.75,715,,715,FL,45,47,82052,360,SF
134144925,121000.0,5.5,715,,715,OK,38,49,82052,360,PU
134144946,200000.0,5.999,744,,744,CA,40,50,82052,360,SF
134144955,215000.0,5.5,736,640.0,688,CA,39,52,82052,360,SF
134144979,222000.0,5.49,716,,716,IL,45,51,82052,360,SF
134145417,156000.0,4.99,748,,748,CO,42,48,92052,360,SF
134145565,647000.0,5.625,696,,696,SC,42,52,82052,360,PU
134145592,361000.0,5.625,703,,703,AZ,40,52,82052,360,PU
134145639,250000.0,5.375,750,,750,NJ,38,52,82037,180,CO
134145834,196000.0,6.125,711,715.0,713,FL,42,49,82052,360,PU
134146074,115000.0,4.875,714,750.0,732,PA,43,52,82037,180,SF
134146249,375000.0,5.5,701,689.0,695,AL,37,52,82052,360,PU
134146760,477000.0,4.25,713,793.0,753,CA,37,49,82052,360,SF
134146829,315000.0,5.625,741,760.0,750,TX,46,50,82052,360,SF
134146851,252000.0,5.125,744,,744,NV,35,48,82052,360,PU
134147595,542000.0,4.999,727,,727,TX,38,50,82052,360,PU
134147977,300000.0,4.599,693,698.0,695,CA,39,50,92052,360,SF
134148071,568000.0,4.875,726,716.0,721,FL,48,52,92052,360,SF
134148164,250000.0,5.625,705,724.0,714,TX,37,51,82042,240,SF
134148460,197000.0,5.75,707,,707,TX,50,48,82052,360,SF
134149236,113000.0,4.99,682,775.0,728,FL,35,47,82037,180,MH
134149679,380000.0,5.5,722,735.0,728,WI,47,50,82052,360,PU
134149741,345000.0,4.99,742,803.0,772,CA,46,50,82052,360,PU
134150267,230000.0,4.99,734,,734,AZ,43,52,82052,360,PU
134150653,150000.0,5.5,700,,700,TX,41,52,82052,360,PU
134150811,196000.0,5.5,709,,709,ID,35,47,82052,360,PU
134150896,230000.0,5.625,687,,687,ID,43,47,82052,360,SF
134151251,200000.0,5.375,732,,732,OR,49,51,82052,360,SF
134151339,369000.0,5.5,740,,740,CA,50,52,92052,360,SF
134151424,330000.0,5.25,697,,697,TX,44,48,82052,360,SF
134151835,210000.0,5.99,721,676.0,698,SC,46,51,82052,360,PU
134151881,234000.0,5.125,721,,721,AK,48,47,82052,360,SF
134152065,365000.0,5.875,690,757.0,723,CA,45,50,82052,360,SF
134153265,700000.0,5.875,704,767.0,735,WA,46,48,82052,360,SF
134153770,392000.0,6.625,717,,717,CA,42,51,72047,300,SF
134154531,110000.0,5.99,747,,747,GA,44,50,92052,360,SF
134154555,125000.0,5.375,696,,696,TN,45,52,82052,360,SF
134154629,266000.0,5.875,735,747.0,741,NC,41,49,82052,360,SF
134155403,221000.0,5.125,703,681.0,692,WA,43,52,82052,360,SF
134155892,153000.0,4.875,727,,727,FL,44,48,82052,360,SF
134156055,220000.0,5.75,717,,717,TN,44,52,82052,360,SF
134156150,810000.0,5.875,742,746.0,744,NY,49,48,82052,360,SF
134156341,600000.0,5.25,710,,710,CA,49,50,92052,360,PU
134156400,211000.0,5.5,744,,744,GA,46,51,82052,360,SF
134156600,210000.0,4.99,678,,678,AZ,45,48,82052,360,PU
134156620,160000.0,4.99,720,726.0,723,IN,38,52,92052,360,SF
134156665,150000.0,5.99,718,,718,FL,44,52,82052,360,PU
134156899,647000.0,5.625,680,,680,CO,40,52,82052,360,SF
134157781,165000.0,5.5,718,,718,GA,44,52,82052,360,SF
134158259,98000.0,6.0,685,,685,TX,49,48,82052,360,SF
134158318,142000.0,5.49,709,781.0,745,GA,47,51,82052,360,SF
134158333,647000.0,5.25,749,784.0,766,CA,44,49,82052,360,SF
134158610,80000.0,6.125,732,,732,OH,37,50,92052,360,SF
134159029,225000.0,5.625,695,,695,CA,48,47,82052,360,SF
134159085,155000.0,5.3,703,715.0,709,GA,45,52,82052,360,SF
134159297,512000.0,4.75,739,695.0,717,WA,43,52,82052,360,SF
134159299,234000.0,5.99,705,715.0,710,TX,48,52,82052,360,PU
134160015,360000.0,6.125,712,796.0,754,OH,50,51,82052,360,SF
134160092,170000.0,5.625,726,,726,NC,40,52,82042,240,PU
134160263,102000.0,5.5,670,,670,TN,44,52,82037,180,MH
134160960,90000.0,4.625,723,740.0,731,FL,50,48,82052,360,CO
134161234,125000.0,6.625,712,,712,TX,41,47,82052,360,PU
134161331,178000.0,5.875,692,,692,TN,43,51,82042,240,SF
134161940,170000.0,5.75,735,705.0,720,VA,37,52,82052,360,SF
134163507,375000.0,4.875,683,,683,TN,50,52,82052,360,SF
134164169,164000.0,5.75,714,694.0,704,NC,46,47,82052,360,SF
134164621,94000.0,3.0,714,,714,CA,44,47,82037,180,SF
134164709,280000.0,4.75,735,805.0,770,MA,42,49,82037,180,CO
134165893,295000.0,5.5,712,726.0,719,CO,44,48,82052,360,SF
134166686,68000.0,5.625,709,707.0,708,AR,43,51,92052,360,SF
134166945,627000.0,4.945,719,,719,CO,38,49,82052,360,PU
134167272,262000.0,5.625,679,,679,FL,39,49,82052,360,PU
134167538,121000.0,5.875,695,,695,AL,46,47,82052,360,SF
134167549,210000.0,5.375,703,,703,FL,46,51,82052,360,SF
134168409,199000.0,5.125,736,,736,CO,43,50,82047,300,SF
134168511,69000.0,5.5,740,,740,WV,43,48,92037,180,SF
134168555,493000.0,5.5,673,630.0,651,CA,45,50,92052,360,SF
134168627,647000.0,5.375,709,,709,TX,46,51,92052,360,PU
134169048,526000.0,4.838,696,,696,GA,49,48,92052,360,SF
134170155,259000.0,4.99,717,670.0,693,NJ,43,47,82052,360,SF
134170225,350000.0,5.125,722,,722,CA,46,50,82052,360,SF
134170268,435000.0,6.0,716,,716,TN,45,50,82052,360,PU
134170283,230000.0,5.5,729,,729,AZ,40,52,82052,360,SF
134170856,137000.0,4.875,723,636.0,679,NC,39,51,82037,180,SF
134170951,84000.0,4.25,697,737.0,717,TN,43,49,82037,180,PU
134171132,647000.0,4.875,728,703.0,715,MN,49,48,82052,360,PU
134171531,250000.0,5.625,747,752.0,749,CT,44,47,92052,360,SF
134171907,496000.0,4.875,725,,725,CA,49,50,92052,360,SF
134172131,441000.0,5.375,698,,698,CA,49,47,82052,360,SF
134172238,172000.0,5.25,722,,722,CA,44,51,92052,360,SF
134172643,243000.0,4.5,720,715.0,717,HI,40,47,82052,360,CO
134172966,771000.0,5.99,691,779.0,735,MA,41,47,92052,360,SF
134173211,970000.0,5.99,674,788.0,731,NY,48,50,82052,360,CO
134173407,183000.0,5.5,732,,732,GA,39,50,82052,360,SF
134174131,203000.0,5.625,715,,715,FL,45,51,82052,360,PU
134175027,590000.0,4.875,709,809.0,759,CA,49,47,82052,360,PU
134175087,300000.0,5.375,673,749.0,711,NJ,39,48,82052,360,CO
134175910,200000.0,6.125,745,745.0,745,TX,48,48,82052,360,SF
134176208,54000.0,4.875,680,,680,OH,35,51,82032,120,SF
134177332,505000.0,5.125,749,748.0,748,CA,47,51,92052,360,SF
134177334,205000.0,5.5,720,,720,OR,46,52,82052,360,SF
134325229,166000.0,4.75,706,698.0,702,OH,43,49,92037,180,SF
134325340,175000.0,5.125,702,,702,NC,47,47,92047,300,SF
134326014,400000.0,5.375,727,756.0,741,ID,43,49,92052,360,SF
134327876,200000.0,5.5,718,,718,NC,49,47,92042,240,PU
134327880,169000.0,5.25,733,705.0,719,TN,41,48,102037,180,SF
134327907,205000.0,4.375,739,,739,MA,40,51,92042,240,SF
134328049,255000.0,5.875,706,,706,FL,37,50,92052,360,SF
134328649,350000.0,4.99,747,782.0,764,CA,48,47,82052,360,SF
134328943,340000.0,5.5,722,783.0,752,FL,50,50,92052,360,PU
134328976,150000.0,4.5,704,,704,MI,35,50,82037,180,SF
134329057,200000.0,5.99,705,750.0,727,TN,40,50,82052,360,SF
134329312,172000.0,4.75,712,,712,NC,44,47,92052,360,PU
134329360,185000.0,5.875,738,779.0,758,AZ,43,47,92052,360,SF
134329371,100000.0,4.99,699,,699,GA,39,49,92037,180,SF
134329523,60000.0,5.5,748,,748,AR,45,47,92052,360,SF
134329543,190000.0,5.375,729,,729,AZ,46,47,92052,360,PU
134329646,288000.0,5.99,693,,693,TX,43,50,92052,360,CO
134329852,490000.0,4.875,732,,732,WA,39,50,92052,360,SF
134330173,180000.0,5.625,732,,732,AZ,44,52,102052,360,SF
134330609,350000.0,5.125,721,729.0,725,GA,40,49,92042,240,SF
134330937,280000.0,3.75,688,,688,MD,41,48,92037,180,SF
134330953,442000.0,4.99,726,,726,CA,41,50,92052,360,SF
134331105,336000.0,5.125,732,,732,FL,48,51,92052,360,SF
134331419,149000.0,4.0,737,,737,MN,43,50,92052,360,PU
134331496,200000.0,5.625,689,,689,WA,43,50,92052,360,SF
134331851,271000.0,5.99,672,669.0,670,FL,38,51,82052,360,SF
134331906,196000.0,4.75,684,,684,OR,50,50,92052,360,SF
134331959,388000.0,5.875,748,736.0,742,CA,46,49,82052,360,CO
134332159,200000.0,4.99,703,,703,AZ,45,51,92052,360,SF
134332576,215000.0,6.625,689,736.0,712,TX,44,51,92052,360,PU
134332822,168000.0,5.125,715,,715,GA,43,51,92052,360,SF
134332888,194000.0,5.575,736,,736,IL,37,50,82052,360,PU
134333051,382000.0,5.0,685,760.0,722,NC,38,51,92052,360,PU
134333113,1420000.0,5.75,690,,690,NY,46,50,92052,360,SF
134333740,95000.0,5.875,674,,674,TX,38,52,92052,360,PU
134333924,229000.0,5.125,750,,750,NY,40,50,92052,360,SF
134334524,100000.0,6.75,679,,679,TX,41,50,92052,360,PU
134334967,396000.0,5.316,733,,733,TX,39,47,102052,360,SF
134335084,200000.0,4.375,712,,712,GA,39,48,92052,360,SF
134335090,550000.0,4.75,730,,730,GA,42,48,102052,360,PU
134335704,176000.0,4.25,740,,740,NJ,45,52,102037,180,SF
134335759,151000.0,5.624,698,,698,TX,50,49,92052,360,PU
134335909,100000.0,5.5,743,,743,AL,36,50,92042,240,SF
134336746,430000.0,4.99,719,,719,FL,36,50,92037,180,SF
134337176,70000.0,6.4,714,,714,LA,46,47,82052,360,SF
134337261,143000.0,5.99,686,753.0,719,NV,45,48,82052,360,CO
134337625,116000.0,7.0,713,769.0,741,TX,43,52,92052,360,SF
134337636,182000.0,4.999,725,726.0,725,FL,43,48,92052,360,SF
134337736,184000.0,5.375,675,,675,CA,45,48,92052,360,SF
134337889,78000.0,6.5,737,,737,TX,39,49,92052,360,SF
134338121,70000.0,5.875,671,,671,OH,39,49,92052,360,SF
134338295,260000.0,5.375,740,,740,AZ,42,52,92052,360,PU
134338471,100000.0,4.99,726,696.0,711,OH,37,50,82052,360,SF
134338501,500000.0,5.375,747,748.0,747,ID,35,48,92052,360,PU
134338831,311000.0,4.99,703,,703,CA,44,47,92052,360,SF
134338922,144000.0,3.99,705,,705,MS,45,48,92035,156,SF
134339042,220000.0,5.25,732,,732,TX,48,50,92052,360,PU
134339307,449000.0,5.375,740,807.0,773,NY,49,50,92052,360,SF
134339308,250000.0,5.625,676,,676,WI,44,47,82052,360,SF
134339381,200000.0,4.75,672,691.0,681,SC,39,52,102052,360,SF
134339530,243000.0,6.5,728,,728,VA,37,47,82052,360,PU
134339683,600000.0,5.375,708,,708,TX,45,50,92052,360,PU
134340216,227000.0,4.625,716,,716,NV,42,51,92052,360,PU
134340515,676000.0,5.5,740,665.0,702,CA,47,52,102052,360,SF
134340592,245000.0,5.49,703,744.0,723,DC,36,50,92052,360,SF
134340747,125000.0,6.375,684,801.0,742,NH,35,50,92052,360,SF
134340769,78000.0,6.75,687,606.0,646,MS,43,48,82052,360,SF
134340913,205000.0,5.125,736,,736,ID,45,52,92052,360,PU
134340937,133000.0,5.25,716,,716,NY,47,49,102052,360,SF
134341077,83000.0,6.625,746,,746,MO,45,49,92052,360,SF
134341271,225000.0,5.625,679,,679,GA,45,52,92052,360,PU
134341787,195000.0,6.625,715,,715,FL,44,51,102052,360,PU
134342385,129000.0,5.5,684,,684,MI,43,48,92052,360,SF
134342595,205000.0,5.25,680,,680,IL,44,48,92052,360,CO
134342771,325000.0,5.5,736,,736,FL,39,49,92052,360,PU
134342860,135000.0,6.125,702,720.0,711,IN,36,51,82052,360,SF
134342871,150000.0,5.5,708,,708,FL,44,47,92052,360,SF
134342956,125000.0,5.625,699,,699,FL,44,47,92052,360,SF
134343325,680000.0,5.45,745,,745,TN,44,51,102052,360,PU
134343329,322000.0,5.99,699,,699,TX,47,52,82052,360,SF
134343547,249000.0,5.5,749,759.0,754,CA,39,50,82052,360,CO
134343550,251000.0,4.49,711,,711,CO,38,48,92052,360,SF
134343552,364000.0,5.99,717,,717,AK,36,52,82052,360,SF
134343635,260000.0,4.5,696,781.0,738,SC,40,52,92052,360,PU
134343675,263000.0,5.5,708,753.0,730,AZ,39,48,92052,360,PU
134343696,125000.0,4.99,736,,736,NC,45,47,82052,360,SF
134344078,285000.0,4.5,748,785.0,766,FL,40,52,92037,180,PU
134344136,400000.0,4.999,718,,718,TX,50,49,102052,360,SF
134344237,238000.0,5.375,719,,719,AZ,40,51,92052,360,PU
134344329,335000.0,5.5,726,,726,WI,35,51,92052,360,SF
134344835,156000.0,5.375,693,,693,NC,49,52,82052,360,SF
134344893,475000.0,4.375,741,783.0,762,MA,38,47,92037,180,SF
134344952,170000.0,6.625,694,,694,KY,46,51,92052,360,PU
134345077,75000.0,5.875,696,,696,FL,45,47,92052,360,SF
134345286,200000.0,5.625,721,,721,IL,47,51,92052,360,PU
134345569,265000.0,5.375,672,,672,FL,41,50,92052,360,SF
134345675,200000.0,4.625,736,788.0,762,VA,36,52,82037,180,CO
134345798,236000.0,6.125,746,,746,NV,36,48,92052,360,SF
134346045,879000.0,6.375,715,,715,VA,41,50,92052,360,SF
134346142,137000.0,5.99,726,,726,TX,39,50,92052,360,PU
134346228,187000.0,6.5,709,649.0,679,TX,35,50,92052,360,PU
134346710,80000.0,4.99,671,,671,IL,48,52,82052,360,CO
134346755,289000.0,5.125,737,812.0,774,ID,45,49,92052,360,SF
134347260,127000.0,5.325,673,664.0,668,LA,42,51,92052,360,SF
134347523,323000.0,5.125,693,677.0,685,TX,36,50,92037,180,SF
134347611,375000.0,4.999,749,799.0,774,NJ,43,50,102052,360,SF
134347652,245000.0,4.125,673,,673,GA,35,49,102052,360,PU
134348005,180000.0,5.625,731,,731,OR,43,47,92042,240,MH
134348050,146000.0,5.875,714,770.0,742,NY,49,50,102052,360,CP
134348228,182000.0,5.125,732,,732,AZ,43,51,92052,360,SF
134348550,110000.0,6.5,737,,737,VA,38,47,92052,360,SF
134348954,266000.0,5.125,718,,718,WA,45,52,92052,360,SF
134348955,75000.0,4.99,743,,743,VA,46,50,102042,240,PU
134348979,139000.0,4.99,702,688.0,695,KS,40,47,92052,360,SF
134349373,230000.0,5.625,716,714.0,715,IL,49,51,82052,360,PU
134349523,400000.0,4.5,736,716.0,726,CT,41,50,92052,360,SF
134350144,139000.0,4.99,742,747.0,744,TN,45,47,82052,360,SF
134350247,300000.0,4.875,703,687.0,695,CO,37,49,102037,180,PU
134350401,119000.0,4.625,723,711.0,717,OH,39,50,92037,180,SF
134350515,210000.0,4.375,730,689.0,709,NJ,40,50,92037,180,SF
134350849,400000.0,4.25,715,,715,TX,46,50,92037,180,PU
134350910,289000.0,5.375,710,,710,ID,49,48,92052,360,PU
134351198,430000.0,5.625,719,,719,FL,39,52,102052,360,PU
134351277,87000.0,5.875,712,,712,MI,43,47,92052,360,SF
134351464,105000.0,4.875,733,795.0,764,MI,48,48,82052,360,CO
134351976,295000.0,4.784,681,660.0,670,CA,49,50,102052,360,SF
134351999,320000.0,5.625,734,,734,FL,40,50,92052,360,PU
134352208,134000.0,5.875,685,712.0,698,WV,42,49,92052,360,SF
134352501,576000.0,5.5,741,,741,CA,48,48,92052,360,SF
134352834,178000.0,4.375,748,,748,NJ,44,50,82037,180,CO
134353113,684000.0,6.125,714,708.0,711,CO,42,51,92052,360,PU
134353158,161000.0,4.875,709,,709,PA,45,52,92052,360,SF
134353174,230000.0,5.0,738,,738,CO,44,52,92052,360,SF
134353914,294000.0,4.707,709,,709,GA,42,51,92052,360,PU
134354105,120000.0,6.125,743,768.0,755,MI,38,48,92052,360,SF
134354182,260000.0,5.75,700,,700,CA,44,48,82052,360,SF
134354410,201000.0,4.99,720,,720,CO,43,51,92042,240,SF
134354602,205000.0,5.375,688,,688,NJ,44,49,92052,360,SF
134354763,102000.0,5.5,679,787.0,733,TX,46,51,92052,360,SF
134354990,275000.0,3.5,747,,747,NY,40,50,82037,180,SF
134354996,120000.0,4.7,707,755.0,731,IN,48,48,92042,240,SF
134355070,212000.0,5.625,750,,750,NV,43,50,92052,360,PU
134355374,265000.0,5.5,711,702.0,706,WA,48,47,92052,360,SF
134355400,206000.0,5.625,677,,677,MD,36,52,102052,360,PU
134355916,350000.0,5.499,699,,699,FL,45,50,82052,360,PU
134356188,300000.0,5.125,705,,705,CA,39,47,92052,360,PU
134356335,130000.0,5.5,680,,680,GA,38,52,92052,360,SF
134356380,412000.0,4.999,730,737.0,733,CO,43,52,92052,360,PU
134357196,213000.0,5.125,717,,717,CA,42,47,82052,360,SF
134358084,162000.0,4.999,725,746.0,735,CA,42,47,102052,360,SF
134358119,140000.0,6.99,749,,749,MD,45,51,92052,360,SF
134358122,348000.0,4.5,750,756.0,753,WA,35,50,102052,360,PU
134358581,400000.0,4.99,689,,689,UT,40,48,92052,360,SF
134358778,500000.0,3.75,701,,701,CA,48,52,92037,180,SF
134358893,400000.0,5.125,699,,699,CA,43,49,92052,360,SF
134358911,199000.0,5.625,709,,709,CA,47,51,92052,360,SF
134358959,224000.0,4.875,726,,726,WY,41,47,92052,360,SF
134358965,180000.0,5.625,746,,746,GA,39,49,92052,360,PU
134359010,125000.0,4.875,702,793.0,747,SC,37,50,92037,180,SF
134359015,183000.0,4.999,717,,717,AZ,42,52,92052,360,SF
134359237,80000.0,5.375,721,,721,NC,39,50,102052,360,SF
134359290,200000.0,3.625,715,742.0,728,OK,44,52,102037,180,SF
134359692,275000.0,4.99,707,725.0,716,NY,49,50,92052,360,SF
134359840,125000.0,5.75,701,,701,NY,47,48,92052,360,SF
134360387,325000.0,5.875,712,,712,NJ,44,47,92052,360,SF
134360899,215000.0,5.99,678,,678,IL,39,50,82052,360,SF
134361161,647000.0,5.5,702,,702,FL,37,50,92052,360,PU
134361295,221000.0,5.5,699,,699,UT,39,51,92052,360,SF
134361418,402000.0,4.875,685,,685,CA,41,52,102052,360,SF
134361457,275000.0,4.875,720,747.0,733,GA,47,50,102052,360,SF
134361930,175000.0,4.99,744,748.0,746,CO,35,47,92052,360,SF
134362273,239000.0,4.99,710,775.0,742,ID,36,50,92052,360,SF
134362977,125000.0,5.5,678,,678,ME,49,48,92052,360,SF
134363328,304000.0,6.125,743,,743,CO,50,50,82052,360,PU
134363503,336000.0,5.99,686,718.0,702,TX,44,47,92052,360,PU
134364099,180000.0,4.99,742,,742,FL,39,50,92052,360,PU
134364378,212000.0,5.625,699,,699,CA,37,48,92052,360,CO
134364554,115000.0,5.375,715,,715,TX,41,50,92037,180,PU
134364650,134000.0,4.625,743,,743,CO,38,51,92052,360,SF
134364783,75000.0,5.375,706,778.0,742,SC,42,50,92037,180,PU
134364913,215000.0,4.829,723,,723,TX,41,47,92052,360,PU
134364915,197000.0,4.75,748,,748,GA,35,47,92052,360,PU
134365050,330000.0,4.25,730,759.0,744,MI,49,47,92037,180,PU
134365062,350000.0,4.125,680,,680,GA,49,49,82037,180,PU
134366227,375000.0,5.5,687,687.0,687,WA,47,50,92052,360,SF
134366295,600000.0,5.625,720,,720,CA,37,47,92052,360,SF
134366509,634000.0,5.125,701,784.0,742,SD,48,47,92052,360,SF
134366907,105000.0,4.5,721,,721,GA,42,52,92037,180,SF
134366951,300000.0,5.49,745,,745,WA,45,49,92052,360,PU
134367167,177000.0,3.625,748,,748,VA,35,50,92052,360,PU
134367197,647000.0,5.25,728,759.0,743,CA,47,49,92052,360,SF
134367382,263000.0,5.375,691,,691,NV,38,48,82052,360,SF
134367394,100000.0,5.5,678,678.0,678,TX,44,49,92037,180,SF
134367441,120000.0,4.99,703,,703,OH,42,48,92042,240,SF
134367576,100000.0,5.75,674,,674,CA,36,50,92052,360,PU
134367689,146000.0,5.5,686,673.0,679,TN,39,50,82052,360,SF
134367704,224000.0,4.99,749,811.0,780,NC,42,52,92052,360,SF
134368545,172000.0,4.99,716,716.0,716,NV,36,48,92052,360,SF
134368589,180000.0,5.125,729,,729,NY,43,50,102052,360,SF
134368641,253000.0,5.625,707,774.0,740,TX,48,51,92052,360,PU
134368680,450000.0,5.875,749,743.0,746,NC,40,50,102052,360,SF
134368937,425000.0,5.125,707,,707,PA,50,48,92052,360,SF
134368938,133000.0,5.375,726,,726,VA,38,51,82052,360,SF
134369586,647000.0,4.75,671,,671,FL,38,48,92052,360,SF
134370032,110000.0,5.99,737,,737,TX,41,47,92037,180,SF
134370154,125000.0,5.75,681,,681,CA,39,50,82052,360,SF
134370369,265000.0,5.375,741,754.0,747,FL,41,47,92052,360,PU
134370413,160000.0,5.5,715,745.0,730,FL,50,50,82052,360,SF
134370684,315000.0,5.625,688,,688,NC,38,52,92052,360,PU
134370724,600000.0,5.5,698,636.0,667,CA,44,49,92052,360,PU
134370807,125000.0,5.75,692,,692,TX,44,49,82037,180,SF
134370829,787000.0,5.5,750,,750,CA,49,52,92052,360,SF
134370871,647000.0,5.5,722,749.0,735,CA,44,52,92052,360,SF
134370893,300000.0,4.625,741,748.0,744,CA,45,49,92052,360,PU
134371193,101000.0,5.875,721,,721,TX,49,47,92052,360,SF
134371649,130000.0,5.99,692,,692,AR,49,47,82052,360,SF
134372001,215000.0,4.25,692,,692,TN,41,52,92037,180,SF
134372272,287000.0,5.5,688,,688,TX,41,52,92052,360,SF
134372400,175000.0,5.49,723,766.0,744,MA,48,50,92052,360,CO
134372512,168000.0,5.625,714,,714,NY,39,48,92052,360,SF
134373058,220000.0,4.99,738,,738,FL,43,49,102052,360,SF
134373579,285000.0,5.25,680,,680,IL,47,48,82052,360,SF
134373591,275000.0,6.5,685,675.0,680,GA,50,48,92052,360,SF
134373621,155000.0,5.625,731,,731,MI,38,52,92052,360,CO
134373820,168000.0,6.5,690,762.0,726,MI,40,50,92052,360,SF
134374076,300000.0,3.625,707,,707,AZ,38,50,92037,180,SF
134374225,647000.0,4.99,742,781.0,761,FL,50,48,92052,360,PU
134374285,132000.0,5.5,676,,676,OR,40,51,92052,360,SF
134374559,307000.0,4.99,705,699.0,702,AZ,43,50,102052,360,SF
134375158,230000.0,4.875,703,741.0,722,ID,41,50,92032,120,SF
134375300,260000.0,5.25,709,,709,FL,36,50,92052,360,SF
134375634,177000.0,5.5,703,,703,AK,50,49,92052,360,SF
134375717,245000.0,4.875,750,,750,AZ,41,47,82052,360,SF
134376740,300000.0,4.99,741,,741,CA,39,50,92052,360,SF
134376836,270000.0,5.125,737,709.0,723,TX,42,48,92052,360,PU
134377707,148000.0,5.875,715,,715,LA,48,51,82052,360,SF
134378011,286000.0,5.625,695,676.0,685,CA,36,47,92052,360,PU
134378023,227000.0,5.875,719,,719,TX,44,47,92052,360,SF
134378359,296000.0,5.125,744,752.0,748,IN,48,49,92042,240,SF
134378379,553000.0,5.5,712,727.0,719,TX,45,47,92052,360,PU
134378612,215000.0,5.875,734,,734,SC,50,48,82052,360,SF
134378764,600000.0,5.562,738,733.0,735,CO,47,50,92052,360,CO
134378932,143000.0,5.499,714,702.0,708,SC,35,49,92052,360,PU
134379167,150000.0,4.875,696,,696,GA,36,47,82037,180,PU
134379509,223000.0,5.375,725,,725,FL,38,52,92052,360,SF
134379721,442000.0,5.125,673,671.0,672,GA,41,50,92052,360,SF
134379724,395000.0,5.375,688,674.0,681,CA,45,50,92052,360,SF
134379754,400000.0,5.875,682,,682,FL,45,52,92052,360,PU
134379800,221000.0,5.25,715,,715,CA,44,52,92052,360,SF
134379933,175000.0,6.5,705,,705,NC,49,47,92052,360,PU
134380042,352000.0,5.125,734,697.0,715,VT,49,50,92052,360,SF
134380159,131000.0,4.75,749,,749,AL,36,51,92037,180,SF
134380298,142000.0,5.5,744,769.0,756,PA,42,48,82052,360,SF
134380306,450000.0,5.625,736,749.0,742,CA,49,49,82052,360,SF
134380317,100000.0,5.5,698,,698,MA,37,48,82052,360,CO
134380823,382000.0,5.99,688,,688,TX,38,50,92052,360,PU
134380835,122000.0,6.625,694,663.0,678,TX,44,47,92052,360,PU
134381281,126000.0,5.5,735,767.0,751,TX,46,52,92052,360,PU
134381392,234000.0,5.125,741,,741,NY,35,49,92052,360,CO
134381697,140000.0,5.25,729,,729,VT,49,48,102037,180,SF
134382039,229000.0,4.74,672,,672,FL,50,51,102052,360,PU
134382112,83000.0,5.625,719,,719,KY,38,47,92052,360,SF
134382294,161000.0,4.99,750,,750,GA,42,49,92052,360,PU
134382363,235000.0,4.875,688,677.0,682,AL,39,50,92052,360,SF
134382558,176000.0,5.625,714,779.0,746,FL,43,50,92052,360,PU
134382576,257000.0,6.0,682,719.0,700,NC,36,52,102052,360,PU
134382748,485000.0,5.125,714,,714,TX,35,47,92052,360,PU
134383407,223000.0,5.5,678,,678,NC,41,50,92052,360,PU
134383715,174000.0,6.125,690,716.0,703,OH,48,51,92052,360,SF
134384026,150000.0,5.375,699,,699,NC,37,50,92052,360,SF
134384089,193000.0,5.5,731,,731,MT,40,49,92052,360,SF
134384119,203000.0,4.875,681,,681,AZ,36,50,92052,360,SF
134384165,295000.0,6.125,693,689.0,691,FL,47,50,92052,360,PU
134384547,160000.0,4.375,720,,720,TX,45,52,92037,180,SF
134384777,392000.0,4.5,702,692.0,697,CA,36,49,92052,360,SF
134384916,156000.0,4.99,701,,701,FL,40,52,92052,360,SF
134384965,318000.0,5.25,699,790.0,744,CA,48,48,92052,360,SF
134384999,395000.0,5.375,685,,685,CO,46,50,92052,360,PU
134385170,46000.0,5.0,706,738.0,722,TX,48,50,82052,360,MH
134385646,450000.0,5.75,741,,741,TX,42,49,92052,360,PU
134385724,185000.0,5.5,701,,701,VA,44,50,92042,240,PU
134385873,647000.0,5.75,747,,747,TN,38,49,92052,360,PU
134386369,302000.0,5.5,722,,722,SC,39,50,92052,360,SF
134386518,590000.0,4.99,730,664.0,697,CA,47,48,92052,360,PU
134386941,300000.0,4.75,744,,744,MI,41,48,92037,180,SF
134387092,258000.0,4.5,720,793.0,756,CA,39,50,92052,360,CO
134387314,180000.0,5.5,738,657.0,697,FL,44,52,92052,360,SF
134387585,200000.0,4.75,703,,703,FL,40,50,92037,180,PU
134387600,158000.0,5.625,680,,680,NC,46,50,82052,360,PU
134387788,73000.0,4.75,720,,720,OK,37,50,92037,180,SF
134387978,288000.0,4.75,750,,750,WA,43,48,92052,360,SF
134388063,300000.0,5.99,686,,686,CT,41,47,82052,360,SF
134388089,290000.0,5.125,686,,686,NC,41,50,92052,360,PU
134388708,196000.0,3.99,701,,701,CA,42,47,92037,180,SF
134388788,169000.0,5.125,698,,698,SC,43,51,92052,360,PU
134389030,213000.0,5.625,699,714.0,706,FL,37,50,82052,360,PU
134389227,106000.0,6.0,678,,678,FL,45,50,82037,180,CO
134389397,100000.0,4.75,703,,703,FL,36,50,92037,180,SF
134389520,190000.0,6.75,678,665.0,671,ID,42,48,92052,360,SF
134389698,182000.0,5.625,704,578.0,641,TX,40,47,92052,360,SF
134390100,443000.0,5.49,700,,700,TX,42,50,92052,360,SF
134390354,196000.0,5.5,707,,707,GA,45,52,82052,360,SF
134390509,679000.0,5.99,727,,727,CO,47,51,82052,360,SF
134390832,333000.0,4.99,674,,674,FL,39,48,82052,360,SF
134391158,550000.0,4.125,701,706.0,703,ID,38,47,102052,360,PU
134391497,210000.0,5.625,714,,714,NV,38,50,92052,360,PU
134391622,178000.0,4.875,748,,748,WA,50,51,92052,360,SF
134391725,365000.0,3.99,697,691.0,694,FL,39,49,82037,180,SF
134391773,191000.0,4.99,732,,732,WA,37,48,92052,360,SF
134391918,175000.0,5.25,730,,730,CA,35,47,102052,360,SF
134392017,228000.0,5.49,691,,691,FL,45,52,92052,360,SF
134392169,169000.0,5.55,725,788.0,756,IL,38,51,82052,360,SF
134392310,425000.0,5.625,715,755.0,735,NC,43,49,92052,360,PU
134392414,227000.0,5.99,713,,713,TN,41,49,92052,360,SF
134392433,105000.0,4.75,733,,733,IN,40,52,82052,360,SF
134392659,322000.0,5.125,739,741.0,740,CT,44,49,92052,360,SF
134392939,149000.0,5.625,712,,712,TN,42,52,92052,360,SF
134393236,135000.0,5.5,729,,729,NY,35,49,82052,360,CO
134393423,480000.0,4.998,724,,724,MO,45,51,92052,360,SF
134393517,100000.0,5.99,693,,693,OH,45,50,92052,360,SF
134393551,202000.0,4.5,678,,678,FL,50,51,102052,360,PU
134393579,425000.0,5.575,744,782.0,763,TN,50,50,92052,360,SF
134393586,114000.0,5.5,723,,723,PA,43,52,92052,360,SF
134394055,205000.0,5.55,732,708.0,720,TX,35,47,82052,360,PU
134394108,136000.0,4.875,743,745.0,744,MO,39,50,82037,180,PU
134394204,139000.0,4.99,680,,680,NY,45,51,82052,360,SF
134394305,80000.0,5.375,735,735.0,735,OH,39,50,82042,240,SF
134394322,256000.0,5.99,718,794.0,756,AZ,43,51,82052,360,SF
134395258,389000.0,5.375,738,,738,PA,38,47,82052,360,SF
134395260,203000.0,5.99,710,,710,FL,35,47,82052,360,MH
134395460,52000.0,5.5,744,794.0,769,IN,43,50,82052,360,SF
134395566,177000.0,4.5,729,757.0,743,FL,43,52,92052,360,SF
134395645,475000.0,6.125,680,,680,WA,38,48,92052,360,SF
134395773,287000.0,5.99,680,684.0,682,NY,35,51,92052,360,SF
134396159,357000.0,3.99,732,,732,IL,38,48,92032,120,SF
134396242,406000.0,4.125,745,753.0,749,CA,43,51,92052,360,PU
134396530,119000.0,4.875,719,,719,IL,37,50,92037,180,SF
134396746,434000.0,4.25,708,,708,CA,49,52,92052,360,SF
134396781,200000.0,5.5,749,,749,IL,38,48,82042,240,PU
134396903,250000.0,5.625,708,697.0,702,AZ,44,51,92052,360,PU
134397075,222000.0,5.625,748,,748,TX,37,50,92052,360,SF
134397117,134000.0,6.375,730,,730,VA,41,52,82052,360,SF
134397212,87000.0,6.25,703,737.0,720,NE,45,50,92052,360,SF
134397281,490000.0,4.625,722,,722,CA,44,49,92052,360,SF
134397374,292000.0,3.25,727,719.0,723,NC,42,52,92037,180,SF
134397390,175000.0,4.999,748,,748,FL,48,47,102052,360,CO
134397744,95000.0,4.625,707,,707,KS,44,50,92052,360,SF
134397907,283000.0,5.421,686,,686,TX,38,49,82037,180,PU
134398195,500000.0,4.625,716,722.0,719,NJ,42,51,102052,360,SF
134398606,105000.0,5.25,722,,722,MS,40,49,92037,180,SF
134398716,318000.0,4.99,712,,712,CA,39,49,92052,360,SF
134398778,225000.0,4.99,750,729.0,739,AZ,36,49,92052,360,SF
134398892,400000.0,5.625,745,734.0,739,FL,38,50,82052,360,PU
134399127,128000.0,4.99,715,,715,VT,41,49,92052,360,PU
134399729,150000.0,4.75,677,,677,NJ,47,52,92037,180,SF
134399869,220000.0,5.625,724,709.0,716,TX,36,50,92052,360,PU
134399945,208000.0,5.5,738,782.0,760,FL,48,50,82052,360,SF
134400029,292000.0,5.375,671,,671,IL,38,51,92052,360,SF
134400031,350000.0,4.5,724,649.0,686,MD,50,49,92052,360,PU
134400339,73000.0,6.25,706,707.0,706,KS,40,47,92052,360,SF
134400344,231000.0,5.875,704,795.0,749,ME,44,48,92052,360,CO
134400356,99000.0,4.75,732,771.0,751,SC,42,51,92037,180,SF
134400922,92000.0,6.125,686,,686,VA,42,48,82052,360,SF
134401099,345000.0,5.375,678,,678,TX,50,49,92052,360,PU
134401182,300000.0,4.999,714,722.0,718,FL,37,49,92052,360,SF
134401548,217000.0,5.25,691,696.0,693,TN,39,49,92052,360,SF
134401673,385000.0,6.125,670,,670,FL,50,52,82052,360,CO
134401709,180000.0,5.625,714,,714,NJ,48,52,92052,360,SF
134401753,165000.0,3.875,735,,735,TX,44,47,92037,180,PU
134401945,280000.0,4.75,723,,723,CO,35,52,92052,360,SF
134402077,230000.0,5.375,713,,713,NV,38,50,82052,360,SF
134402154,336000.0,4.99,725,709.0,717,AZ,40,48,92052,360,PU
134402459,390000.0,4.699,727,,727,NY,37,52,92052,360,SF
134402557,270000.0,5.375,715,819.0,767,IL,50,51,92052,360,PU
134402583,450000.0,5.5,696,671.0,683,CA,39,50,102052,360,SF
134402941,136000.0,6.375,693,,693,GA,44,49,82052,360,SF
134402976,410000.0,4.99,716,,716,GA,47,50,92052,360,SF
134403013,219000.0,4.875,727,,727,NC,47,52,92037,180,PU
134403375,260000.0,4.999,682,787.0,734,NV,39,50,92052,360,SF
134403663,201000.0,4.75,722,,722,TX,50,50,92042,240,PU
134403852,425000.0,5.99,724,747.0,735,TX,37,50,92052,360,PU
134403968,283000.0,5.25,750,717.0,733,TN,48,49,102052,360,SF
134403973,488000.0,4.5,736,764.0,750,CO,45,51,92052,360,PU
134404290,100000.0,5.5,719,,719,IL,49,48,102037,180,SF
134404530,82000.0,5.625,716,,716,MO,44,52,92052,360,SF
134404620,463000.0,5.375,707,,707,CA,44,52,82052,360,SF
134405349,152000.0,3.99,691,,691,FL,38,48,82032,120,PU
134405385,160000.0,5.625,742,,742,MI,50,50,92052,360,SF
134405437,647000.0,4.895,750,,750,GA,36,50,92052,360,PU
134405797,321000.0,4.75,697,,697,WA,50,52,92052,360,SF
134406104,160000.0,4.95,737,,737,FL,38,50,102052,360,SF
134406334,536000.0,4.75,680,,680,PA,49,50,92037,180,PU
134406526,610000.0,5.99,712,,712,CA,45,50,92052,360,CO
134406724,442000.0,4.75,716,,716,FL,40,50,92052,360,SF
134406945,500000.0,5.5,730,799.0,764,CA,47,52,82052,360,SF
134407583,180000.0,4.99,708,,708,CA,37,49,82052,360,SF
134407667,215000.0,4.99,686,,686,FL,37,50,92052,360,CO
134407754,550000.0,4.99,704,,704,CA,49,48,92052,360,CO
134407780,218000.0,4.99,682,,682,FL,43,51,92052,360,PU
134407968,160000.0,4.5,699,,699,NJ,45,50,92037,180,SF
134408034,99000.0,6.375,689,,689,TX,46,50,92052,360,SF
134408240,200000.0,4.75,723,,723,CA,35,52,92052,360,SF
134408248,171000.0,4.99,710,,710,NC,36,50,92052,360,PU
134408439,362000.0,5.625,680,663.0,671,CA,49,52,92052,360,SF
134408547,145000.0,5.125,684,,684,TX,38,51,92052,360,SF
134408739,87000.0,5.125,718,,718,MI,48,50,82052,360,CO
134409209,180000.0,5.5,683,700.0,691,AZ,39,52,102042,240,PU
134410025,318000.0,4.99,681,656.0,668,AZ,39,49,92052,360,PU
134410221,409000.0,4.875,717,,717,CA,39,52,92052,360,SF
134410283,188000.0,4.875,730,773.0,751,TN,40,50,82052,360,PU
134410382,125000.0,6.0,686,678.0,682,MN,49,48,92042,240,PU
134410626,200000.0,4.99,728,726.0,727,NC,44,48,82052,360,SF
134410737,146000.0,4.99,675,632.0,653,PA,50,52,92037,180,SF
134410952,98000.0,4.875,711,,711,GA,36,48,92037,180,SF
134411046,305000.0,5.25,727,,727,NC,44,52,82052,360,PU
134411071,418000.0,4.99,722,725.0,723,TX,45,52,92052,360,PU
134411239,195000.0,6.375,670,654.0,662,NV,39,47,92052,360,PU
134411609,153000.0,5.5,732,623.0,677,PA,44,48,82052,360,PU
134411689,402000.0,4.875,705,,705,FL,40,51,92052,360,PU
134411743,197000.0,5.5,748,,748,AL,35,51,92052,360,PU
134411803,301000.0,4.625,686,,686,FL,40,47,102052,360,SF
134411972,308000.0,5.875,750,757.0,753,OK,47,51,92052,360,PU
134412483,290000.0,5.5,707,,707,TN,40,51,92052,360,SF
134412827,170000.0,5.75,699,,699,MO,47,50,92052,360,SF
134412929,201000.0,4.5,735,800.0,767,AZ,39,50,92052,360,SF
134412935,459000.0,5.25,704,748.0,726,KS,35,51,92042,240,SF
134413126,356000.0,4.999,681,,681,CA,39,52,92052,360,SF
134413127,203000.0,5.125,709,,709,TX,42,49,92042,240,PU
134413283,85000.0,5.49,732,724.0,728,VA,35,50,92052,360,SF
134413315,100000.0,3.5,722,,722,FL,45,50,82052,360,CO
134413396,286000.0,4.99,737,743.0,740,IA,37,48,92052,360,SF
134413417,291000.0,5.25,734,733.0,733,NH,39,47,92042,240,SF
134413477,138000.0,6.625,680,,680,GA,42,51,92052,360,SF
134413481,120000.0,6.49,683,,683,TX,46,47,82052,360,SF
134413650,140000.0,4.99,720,695.0,707,NC,47,49,92052,360,PU
134413722,350000.0,4.75,673,,673,AZ,36,52,92052,360,PU
134413926,260000.0,4.99,708,,708,WA,49,50,92052,360,SF
134414627,218000.0,4.99,744,,744,CA,43,52,92052,360,SF
134415018,175000.0,5.625,732,719.0,725,TX,44,48,82047,300,PU
134415238,350000.0,5.25,693,688.0,690,CA,39,51,92052,360,CO
134415259,176000.0,4.99,706,,706,KY,39,50,92037,180,SF
134415516,106000.0,6.375,729,,729,TX,44,50,82052,360,CO
134415878,500000.0,5.125,724,,724,CA,50,51,92052,360,PU
134416222,290000.0,4.0,672,,672,NV,35,48,92037,180,PU
134416256,245000.0,4.99,744,781.0,762,FL,50,50,92052,360,PU
134416261,150000.0,6.125,729,,729,TX,42,50,82052,360,SF
134416319,300000.0,4.5,688,,688,CA,44,50,102052,360,SF
134416464,168000.0,4.875,750,758.0,754,VA,42,49,92042,240,PU
134416698,95000.0,5.25,683,,683,PA,35,50,92037,180,SF
134417258,225000.0,5.25,701,,701,CA,50,51,82052,360,PU
134417335,450000.0,5.625,737,707.0,722,CA,48,51,102052,360,SF
134417418,120000.0,5.875,692,,692,IN,43,48,92052,360,PU
134417441,376000.0,5.625,685,,685,NC,37,51,102052,360,PU
134417497,570000.0,5.25,673,,673,CA,42,50,92052,360,CO
134417942,217000.0,5.25,724,,724,FL,45,50,102052,360,SF
134417961,577000.0,4.375,744,,744,TX,44,48,102042,240,PU
134418344,177000.0,4.99,714,,714,CA,43,48,92037,180,SF
134418581,343000.0,4.5,698,,698,FL,43,48,102052,360,PU
134418648,255000.0,5.625,710,,710,OR,35,49,92052,360,SF
134418651,225000.0,6.25,692,,692,CA,38,51,92052,360,SF
134418694,75000.0,5.875,696,,696,KY,43,52,92052,360,MH
134418855,152000.0,5.5,714,,714,TX,43,52,92052,360,SF
134418867,257000.0,4.99,700,,700,CA,36,48,102052,360,SF
134419138,250000.0,5.99,690,743.0,716,TX,42,48,92052,360,PU
134419178,518000.0,4.99,724,735.0,729,CO,44,52,92052,360,SF
134419211,150000.0,5.5,728,,728,SC,41,50,92052,360,SF
134419380,600000.0,6.49,740,,740,NC,50,50,92052,360,CO
134419444,258000.0,5.125,740,,740,GA,45,50,82052,360,SF
134419509,117000.0,5.99,717,,717,MI,44,47,92052,360,SF
134419531,236000.0,5.125,670,,670,TX,48,52,82052,360,PU
134419760,135000.0,5.75,690,,690,LA,46,49,92052,360,SF
134419877,147000.0,5.875,750,723.0,736,TN,45,50,92052,360,SF
134420074,864000.0,5.99,713,740.0,726,CA,36,50,92052,360,PU
134420095,284000.0,4.49,736,,736,CA,38,52,102052,360,SF
134420232,194000.0,5.375,726,623.0,674,TX,35,49,92037,180,SF
134420306,340000.0,5.99,683,,683,CO,44,50,92052,360,PU
134420509,100000.0,5.375,724,,724,MI,37,52,92052,360,CO
134420696,135000.0,5.0,739,813.0,776,WY,37,48,92052,360,SF
134420774,480000.0,4.5,696,696.0,696,NC,37,47,92052,360,SF
134421078,347000.0,3.875,746,746.0,746,CA,42,48,102037,180,SF
134421156,164000.0,6.125,711,680.0,695,SC,50,50,92052,360,CO
134421202,195000.0,5.625,750,767.0,758,NE,44,52,92052,360,PU
134421330,475000.0,5.32,740,693.0,716,CA,50,49,92052,360,SF
134421402,200000.0,6.125,713,707.0,710,WA,49,47,82052,360,CO
134421442,88000.0,6.875,721,,721,TX,46,52,92052,360,SF
134421688,365000.0,4.99,715,,715,AZ,35,49,92052,360,PU
134421882,225000.0,3.75,749,,749,CT,48,49,92037,180,SF
134421905,105000.0,5.875,735,,735,AL,43,52,102052,360,SF
134422190,134000.0,5.875,744,,744,FL,45,48,92052,360,SF
134422193,111000.0,4.99,740,,740,GA,45,47,92037,180,SF
134422935,261000.0,5.865,733,773.0,753,GA,35,52,92052,360,PU
134423082,385000.0,6.25,746,,746,OR,45,52,92052,360,SF
134423692,76000.0,6.125,672,691.0,681,KY,39,51,92052,360,SF
134423885,350000.0,5.875,738,,738,FL,44,50,92052,360,SF
134423978,171000.0,5.25,708,695.0,701,ID,38,47,82042,240,MH
134424176,80000.0,6.25,744,,744,NC,44,52,92052,360,CO
134424391,95000.0,5.625,736,,736,AZ,49,52,92052,360,SF
134424449,605000.0,6.5,689,705.0,697,CA,49,51,92052,360,CO
134424566,103000.0,6.375,692,,692,FL,39,52,92052,360,SF
134424676,365000.0,6.5,732,648.0,690,CA,48,51,92052,360,SF
134425221,450000.0,5.125,679,710.0,694,CA,50,50,92052,360,SF
134425301,150000.0,5.5,716,,716,DE,36,50,92052,360,MH
134425341,645000.0,5.125,672,,672,MA,45,48,82052,360,SF
134425771,150000.0,4.875,673,,673,IL,41,47,92052,360,PU
134426014,200000.0,5.75,746,,746,CO,40,48,82052,360,SF
134426036,489000.0,4.717,742,,742,CA,49,49,102052,360,CO
134426269,129000.0,6.125,717,,717,GA,46,48,92052,360,SF
134426299,125000.0,5.99,695,705.0,700,TX,44,50,92037,180,PU
134427455,185000.0,5.625,683,,683,CA,43,47,92052,360,SF
134427651,250000.0,5.375,733,,733,FL,46,50,102052,360,SF
134427920,470000.0,5.625,711,677.0,694,SC,40,49,102052,360,PU
134428368,597000.0,5.99,750,,750,AZ,42,52,92052,360,SF
134428608,85000.0,5.375,699,,699,AL,48,48,92052,360,SF
134428833,140000.0,5.75,693,,693,NC,42,48,92052,360,PU
134428873,140000.0,4.99,703,,703,CO,36,47,92052,360,SF
134428926,105000.0,6.5,693,,693,GA,42,47,92052,360,SF
134429225,275000.0,4.875,703,,703,NJ,44,50,102052,360,SF
134429294,139000.0,3.875,743,,743,NM,36,52,92037,180,SF
134429576,316000.0,4.99,692,641.0,666,FL,50,49,102052,360,PU
134429635,405000.0,4.99,711,,711,UT,46,48,82052,360,SF
134429814,139000.0,4.825,670,697.0,683,AZ,46,47,102052,360,SF
134429845,196000.0,4.875,741,,741,NC,42,48,92037,180,SF
134430095,176000.0,4.99,729,,729,AZ,35,47,92037,180,PU
134430104,217000.0,5.375,712,730.0,721,AZ,45,50,82052,360,PU
134430437,100000.0,6.875,672,,672,TX,45,48,92052,360,SF
134432955,285000.0,4.99,743,,743,PA,39,52,92052,360,SF
134433776,366000.0,4.99,750,745.0,747,CA,40,48,92052,360,PU
